Humanos,Elficos,Anões,hobbits / halflings,Orcs,Malignos,Asiático,Arábicos,ficção científica,Lovecraftianos,reptilianos,Asteca,Dragões,homensrato,Viking,Demónios,Feiticeiro,Portugueses Modernos
robever,lorel,drilglo,gose,bolggor,vege,pingmilin,alta,tarje,xaoth,saysthzal,tlilici,thrakstarre,naardche,knutmund,riaxzaja,nealandiwalt,martinho
brandfrid,celeb,markhaz,proud,duzbad,lechze,deokung,rufa,won,loththli,tsysa,tlite,moonthrackthorn,takit,jorstig,naa,axogi,doutis
dunris,thalionga,kigrak,fusbob,beigulner,imdrak,caitsu,midda,ko,zaoth,isshl,tete,rasbeaglit,rattkec,snorriiv,rophansau,nanswanmus,isidro
holter,rasta,marggas,buck,megdahk,rendarg,cheni,ridafa,suthar,truthlifhtagn,y,huahuit,styntari,kunaardfrik,odinsnor,algaha,silcus,avelar
swiththony,rielmaeanor,dinmi,brandlotho,ushnag,zorgchi,kangtsai,raykha,pakrax,rathlo,kishy,huitl,ona,viokrit,finnertha,restibia,losanen,maximiliano
acarrie,felane,rinror,burrows,ner,vertalor,kimlei,sa,hatsur,cthanoth,sthastslah,cili,refiblood,zarrne,stigund,rothalbo,ronea,azeredo
rahton,renron,daroskor,carlsi,agar,morkahud,yiena,malwa,shrassur,larothchthon,sthlyshi,lichal,frostklanggkiss,skikre,bergjoar,saualra,tersan,gregório
thonylay,sovo,hjalduor,brace,nákhtu,kruuldrac,sahuang,yadwa,utzerg,nxugoth,sitsstisththi,allocu,sansha,burki,makvigdis,tasurci,banru,lampreia
ric,nimde,chripthe,lasa,nackurk,drachancor,niri,seinmur,ruzac,arlola,ethsy,patli,tenra,kiktuk,leidvar,lasano,monzi,ximena
beorthforth,imen,ligas,hay,duzsel,margnex,ya,liya,malai,othtru,shisit,huitlhuitl,ziusburllryl,rattrac,vardvord,sucstolasga,lamele,castelhano
lacjen,finleon,amur,cotdino,gash,lialga,paichung,khasal,myronon,chaugthoth,saistsy,tlahci,smeltseneer,rusihisk,makloq,obau,yadepin,selma
terham,toror,adba,blower,uug,oskel,dosa,deqir,zorgsu,cthontlach,thyshy,tliotl,phyug,niktaki,leidemar,asvallrecas,ganfalrid,fortunato
freake,grieleril,gru,sonlo,nazrad,elbe,kimchang,filai,lardash,nyarcthatlach,shassaysth,zaxi,rytencop,kitu,borgfred,denanra,giusmorspell,santiago
mi,tradriel,moira,chubb,gluko,iphas,jungra,afma,talpal,thardenagl,shysyththil,itzmiz,tanixfu,tufrik,valdhran,tantu,skelemins,mota
baldan,werian,huki,rynel,durbug,limarg,zhangya,liti,bugzollenn,braul,lssily,xix?,blaymamoth,skabakretzar,norodd,rithfur,anan,talita
sacuth,lanas,hjalberthain,sack,brudahk,forimgash,tsu,naidta,ris,yakxo,lishsa,metlco,tryxchar,tzarpu,valdkof,reslas,gakithci,dinis
tinedryt,quenhal,farkdu,syhol,gruntgor,degoth,cheungpo,imzain,laling,shacthonshogg,ssytsthsiss,huitlco,rarathbak,ketbur,stigborg,gora,mandyom,domingas
ricvin,randirlan,rithu,horn,narggarm,rothmon,parkka,miman,nonzo,xoalengsha,lyti,zihuatl,nebolt,ckuviok,urdbard,rarono,derben,furquim
sonelf,touilas,rorne,rolar,balcne,raxshu,deojim,dahi,torra,tsacthun,sa,mi,ora,blienskellskabak,tovallak,miclabuer,gongiondy,silvério
fastlac,thereegor,thaurin,burr,zhulbal,kahuder,guo,nah,ellazol,chaugia,yatl,pehua,ou,kisnee,northor,rtugofur,nangionsha,mendes
ord,rave,droszag,diva,buork,kubu,doshi,mailmou,ziaur,elcthunshub,tshasshassthih,otlmetli,hefyex,ckegris,korgiss,beella,sauninkhan,joaquim
wil,renhir,gudgim,miller,ro,nalsa,shuro,khayran,conma,migo,caaat,netlp,reta,tikki,melerl,reli,dythenrin,bastos
laswyn,loswing,sorgdu,daever,beibra,reshkrul,yideote,adla,thradru,dasogoth,ylo,tlahqui,resrera,kicritt,tovanar,mepar,rondalfdelda,cândida
toldan,jusle,marg,feet,orkgar,grimra,gamaoya,nifi,bekthon,mathog,thytha,cocosz,eightzu,rikku,varulf,parpol,kina,borba
abur,randirtoquen,gorad,esru,skabel,fenhud,choyying,bou,mednyar,cfaia,tlalltlish,tlanci,liusmizu,kualvar,jellertha,cusbobia,doomtan,oriana
laufrea,alwen,linthral,took,draduf,kacu,tsusun,raha,pryborg,nronthoththar,ashui,tlicatl,manras,racktuk,audhild,cuchibe,mysde,figueiredo
riafled,thosael,sanóin,maylia,brubur,rarg,chongyang,zisurga,arihat,tliqythyog,scesth,tlitli,nightta,skritkirki,lydleid,ginradag,wilda,florêncio
riechet,shadan,maedáin,sack,thoki,gothskel,khantai,quzih,surcon,lengulgoloth,line,lizpillcoy,tryxroclan,skre,urmel,haufo,ledyommins,quintas
laufrid,suaz,bulthain,tindoc,gimbbra,gud,chongro,qufaa,vagi,sogmaqyth,shatisth,ltlti,tryffres,ratsakki,audunnr,glabub,tohgusgan,teresa
baldchar,thas,vannthor,weed,zhulgey,nazgblo,lauhwang,ija,shrasza,yloxo,ias,teci,rieencry,throdeek,auraur,riballan,brikra,brasil
rahbard,rilir,diber,pormi,garmork,napu,shoushu,dafyiz,laszuc,turfaugnde,sialysh,hualcosz,hariarall,kirkicin,vardvarda,asroso,lema,jaime
halcrow,lan,drindrorn,foot,gargro,jesush,choibakfei,lasha,renne,xuygoth,catlli,huahual,gervenril,queeki,emarfrey,olial,adjax,carvalho
isenard,morne,zagro,mermira,tulmuz,hauhe,kilao,mimat,zorgdak,yigcthacha,axoitsl,xcol,blaykordla,nernik,urdivar,bele,ronshao,alexandre
leofuhildi,thran,siduum,man,murzga,zugorctha,lingyeung,israa,barbug,brafhtatlach,haissshy,cui,rocdraac,kiecdac,steinniv,xaxusas,sesada,anhaia
winecan,parinra,muski,copri,thak,dreshbe,meideolei,dizaa,riskon,wgahron,ssthyxo,olpal,aliertharze,tzarrat,varleik,deniarraum,bridnadall,esperança
cen,thanethalion,sorg,burrow,skabgul,verna,chunse,sazi,kangzerg,mnomlo,shycux,ttlquetz,norsistil,kitar,odinin,ryfova,giuspal,leiria
lina,uilasmí,rinum,cope,bolgorc,jeskel,poyo,wasimman,orzko,gushub,salssliss,tlimax,zethrared,kiskell,drífaaud,zapos,raszul,gilda
cenlee,kiththi,ithain,brace,ogrom,ryganor,chanwahi,akhail,zoldos,lhuxothogthli,xiuh,maitz,ktarrhyume,kineth,steinnbard,rasshaymon,ciari,canejo
freaeli,reesyl,adkur,byama,gimthrum,lero,kiyao,mofi,palur,tlachlothxo,thals,tchcoatl,creleo,thanbar,bardulf,bemy,vismava,egas
elin,aetae,gilli,cotton,gulgor,u,kitsai,saha,virmorg,ulkomglw,lithyauhcotl,catl?,tiantralba,grirec,geirrleik,nagoles,muskaitoh,azenha
barphia,bodril,kjalbar,hobhob,drabuck,bai,tase,mafar,jehi,cthuntlagln,sytha,cochitl,moelix,viskttin,loqleiv,nanio,myskaie,berengária
nanstan,wtor,granrin,gammidge,nagbad,helvia,yali,rahostaw,losak,mnomabaki,isthe,tlalinna,arsudrath,naardche,laugsteinn,xascromon,cifisci,queiroga
thyacar,thornmo,modmu,bodogis,zockgluk,tos,shaobak,qayha,ellados,golothtli,thylmac,chitlcuih,tede,vossgnawassik,fridiver,rasmognee,medanne,léia
brandgahes,barare,grilhof,gamgee,kiltan,ulchu,chankawa,miyader,surzorg,chaugelnyar,sah,quoinitl,rata,kudeek,koriver,goredainia,borkithmys,milheirão
sigsungron,erilphor,gasthi,bellawill,grat,cuna,rui,tina,hatgen,goxomell,sythysthlel,itzint,tiansthennmafy,skabakblien,voremar,mebufor,rasmelge,juliano
sakimchard,raenlee,branna,sackville,húr,galba,pomingwong,duayu,lingren,shudbragon,sathiths,tecoatl,streampuldeath,rameis,melleid,duphan,setimmongan,palma
burta,tralo,lidu,isemra,nacknaz,grornshu,utong,naban,lava,naryi,fangtha,yoli,eraia,kida,bardtova,davamel,mysawer,ramiro
bata,lanwe,kjallin,whit,shagmuz,shandvorg,maoying,riyda,lakborg,qythctho,lhal,chitlta,ciasak,nagargnaw,melfryd,ceshabaal,morgan,inês
dunmar,marathe,dáinthôrgi,masdia,grarok,esane,dahon,gumi,gen,kthunsa,hisste,yato,rieightsa,zelmatz,odinknut,lachies,gazam,ifigénia
bethadel,gwin,brannzag,sandy,brukbad,rakga,poshao,na,jadwon,haseh,cyththa,tocatl,dnestrsa,depraz,helfdan,buerap,trumak,moreno
andorah,nel,rami,cottarral,gulthug,nan,gachun,makri,galbek,lotruron,issah,lhipoch,fírlyslas,chiki,freymar,tabachsi,dere,vanda
helas,dír,omoi,ville,goruga,gadradresh,chungfei,barid,zaprys,abfhtacthun,ystli,ytl,bletshocoss,thzarr,snorrisnorri,gaapsa,ciussane,meneses
brirol,varrdis,vargki,memond,chakgrom,mibo,fei,diymal,droke,nyarhoth,hishrisso,achitz,mashoreus,gnawkiiskikk,ivvord,badalim,delra,adelino
nascas,leonvius,grukzad,burrows,kashju,toeka,moju,sinmeen,norrod,xanathli,sass,xopil,laxpul,ckevosschit,eimland,gongamo,alockwar,rijo
ren,hirae,soda,adi,gabur,xaard,kishu,darla,lashras,thothnagl,thessiath,cuaint,welrath,kiaz,fegdan,sabaalleos,ganmuspin,ítalo
la,gilrion,drornmarg,marish,ahzock,grornah,choi,fafihr,kzerut,truchauga,tyshy,olan,burnriumvio,skirsarr,siggunnr,bobusvas,etrum,esparteiro
nathle,vius,funzag,towill,croor,ulial,a,keemra,drupak,rlyhothkluth,sthythys,coca,relys,kamatz,snorrihalf,beraihal,werraza,claudemira
debcon,feuce,zagdar,maggot,drakte,ashphar,segaji,medfayli,wrath,tlaglngonlo,thekthsai,coatlca,nenla,ck,dirag,napolta,nannangarth,canela
danwald,oni,adki,riru,hurtzgor,ulfcho,thaishu,kannah,leella,yibbfhtagnyibb,slahthain,piltli,derorion,dwellhask,lydodin,roungal,lalota,almor
joanbur,elles,fubur,baggins,uz,ca,wamo,tibri,lennquan,knfaugn,tlihly,cali,retyrtu,quolchit,undsteinn,ammaro,yacus,dourado
ardmarma,lamel,lifun,gildahen,maushur,sucorg,kang,nanka,norkeh,darhotlach,hyihmyss,lili,lysbreaksan,ckere,freyunnr,erephi,aasa,josé
timever,bregda,grakdo,gamgee,tanmash,arglas,fuwu,leelshu,korys,cthanac,ssalil,yacu,gente,vermigaz,audfrid,anlury,exocul,piteira
theodpa,thurinros,gimruk,lohil,drogduf,imvil,gira,harabd,keraxdru,gualathoth,thmis,pic,falantthy,skellstchek,makrun,rasje,bortredruidma,evaristo
chetpe,mothuilas,tadthral,foot,coarg,lialdu,kangmi,riazsad,tal,nyarshuiachthon,sthiha,catltei,shorilchesmelt,detcki,ifgrim,basbaso,rondergar,noite
jeffleofu,oniborn,belda,anhal,ugor,purkrul,pailei,marsa,zergru,gogfhtagnyi,huisi,tlacu,retenper,kinchok,ifbryn,zaahca,tanma,cassandra
mija,thalvo,ahjal,two,gorgrim,hudmarg,jimte,mumura,roale,shubthogthog,yssthsp,mali,ashrath,skleetck,eimiver,pheniarpos,falzumulnin,silva
peven,malil,risdain,godi,vaolg,monkar,honshu,midmi,ellaquan,cfatha,mixi,chili,detini,tchekde,dannor,pussoinpho,netohfis,claudemira
egarca,liaborn,fuad,roper,bruka,drunlial,ulam,bouma,rysstar,kocfa,ca,huitmetl,diavesdoom,ra,frydertha,monphibr,lowror,valcanaia
ja,varrgi,robrand,diroc,abug,moanvi,yamo,naqar,renex,lengsha,syths,maich,zerzur,quolri,olafülfr,tlicell,rathnata,lucílio
sanri,lesthe,guhlif,green,dahkkash,ringi,shaoge,jizah,ziazoq,kagcfa,sathsyl,huetlch,shaniusquer,vermikin,reilyd,gago,sadus,fragoso
tomlac,riananor,óina,bapa,throdkros,rudmali,sueybak,briyqu,nonari,cthahoth,hthissah,panca,vhagatermur,skabakneth,veigland,rade,mordivhti,teresa
annriwald,supa,bagnau,sackville,bolg,movaror,uri,zaydsa,lakeh,gophnnemtlagln,ssystissh,coatlcu,tralval,ckeaz,borgjell,mamammur,dermelfmagan,carvalho
brifortin,dhroslas,dáin,huhol,grimbolg,cthegrarg,tocaishi,abiy,drune,soggla,ssithmyss,maluhtl,mece,griski,dihall,psamio,zaria,tristão
wilbur,tathe,diba,hay,gey,carorror,wongchan,delya,bugtar,asanar,raaatsthas,quocuetz,fizlyn,skabak,lydlyd,mojinnga,wilvadeon,afonso
vindun,dehoni,mato,rawi,hurtzub,jesgas,hiro,sinsa,rod,cfactha,lessyl,cahual,kracrylta,dechi,tovayolv,zacias,kisolda,leopoldo
cenmas,renthorde,ralmod,hard,murzkros,huba,kijim,oyou,elaris,cthonrath,hrissssy,oatl,kalark,kakvar,halldrífa,wexasas,myszamman,barbosa
ferdham,wingionbeleg,gargim,lardfred,bolgzug,bu,shibo,thiyram,quan,tharulctha,sisthhaiss,linmix,busjae,skirsre,kofljótr,bathanjes,mortrumgan,aldonça
rocty,imul,drorngen,fair,muzco,ovall,kaikai,feezna,loth,kagftha,shyli,tlitlach,sikon,kinneth,gissbirn,bubdaigor,midoomkai,noite
locha,maelas,baha,bofer,ortul,santhimas,yangbak,sanda,makna,rhothlimnom,lshysesh,palxch,furyrerhae,kritstar,llakif,vaprus,tipin,lúcio
eal,erilleon,burrin,man,gagar,bautar,kaizen,rooqbra,virtak,xuthoth,li,xo,rigue,kisthra,odaberg,furnalu,kaidertha,clementino
everlac,rasthel,harha,beard,kahrish,vian,cheungno,losthi,lainroon,chthuphn,thil,panli,vira,queeket,leivülfr,kasmal,tohmancius,derli
egar,bornron,thicdorn,sack,thrumkrim,fona,tohi,shala,adax,yoggy,thylsylh,cli,sahtusa,kifrik,laugerl,prusgormoncuh,mondarkne,mourão
bando,dis,linthe,daangel,thrumcro,nazgmi,kawashi,mailmed,mrcon,cthurho,sasytlilh,limiz,jana,recktuk,emaraud,temi,naa,aleixo
nibar,riador,dunáin,leaf,gashbuckshag,thiusdras,yipo,harat,leme,shogglhu,less,machuitl,risste,ckuknik,joarerik,vabasbali,timado,lage
maxda,rion,ranrin,diby,mashrosh,ryra,taishi,bas,jazap,zamglw,istthtsy,xcco,phida,zarrchirhi,undmund,lete,morstran,odilia
pherlesron,belegdriel,thuddal,baggins,dogte,rai,tong,qaysasira,kevir,cthuyithoth,cilythi,hucatl,derus,rattkirki,olafin,melga,legaleth,outeiro
jeffric,bornhir,barli,bellathae,thurgzock,lithezu,yingju,maal,vapo,tsaarmglw,htisthpill,tlizo,desto,rek,steinnmel,goxabas,lethtsose,heriberto
wilbarchael,thasdan,gimran,hand,nazka,vorgmil,tenko,khayyah,tharke,cthalakiyoggcthun,sisthsthi,cachi,zekel,rhistisk,erlthor,cakorman,spelllesha,taveiros
masred,and,nosma,hildo,ui,nexme,kanyangbak,ties,lekborg,fthamellyibb,huitthi,x?,bonstarr,kindac,urin,bargonvall,zumtijai,iuri
kevtheod,gwinsarrion,drilvarg,ward,rongor,gruktoe,liyang,disu,hatdira,elron,cuihly,zitlah,ronmada,tcheka,runivar,phasi,rasproscris,pimenta
ris,ealos,baelra,hilla,luksha,parsau,choyzhang,zama,chmna,abcthunnafh,liin,malotl,berchrytryx,ku,ivarkof,foromar,valon,florêncio
syl,carorkael,dardal,horn,shagduz,mamgo,nikawa,rara,umko,tharothnagl,cytthly,tlilotl,rusdusdros,nikckuk,bardjorik,paibolami,khannenmar,maia
brichris,finbreg,bulrahrim,docvia,radbei,grornxy,toxiu,dal,dakkzer,ntsa,thichi,loccual,kyholbon,chok,mrdif,blothimam,dacklachres,tibúrcio
tonken,dintae,gamod,weed,gromgim,thadror,gaten,esla,morgta,gothkthun,issthlycosz,chitl,gendorthandar,barazar,siggunnr,fowavall,zorizi,figueiró
bursa,resedhel,gudli,gildanard,gratgar,amres,leepo,khatah,kzertak,gluia,thasthssy,mitlal,tharraival,kekta,ivivar,gitis,manan,ítala
ferthever,sarpaalta,gran,sandy,thulrogg,gashmarg,dofei,seerda,raxrys,naglchthon,athtys,xochhual,aue,chekmass,refrbirn,cianbe,mazeak,sobreira
liamvid,dhonda,umskorkhaz,lofast,lukgar,li,shido,gibni,rakeh,cthalygo,syththillish,nochoh,nisiancia,chi,valdrag,buthan,zeem,oliveira
isum,tinurod,grímtad,ward,maubei,zashu,sako,mifaw,con,yiftha,lythi,tecue,stennfy,tikskirs,steinnfred,viriusma,nastranchres,homem
elilas,aethane,rinmoi,grifda,kargah,mellix,hilee,muhim,tac,goquahnemthar,mixsesh,malan,kelflash,durche,erikmel,cuoa,visgaminse,ulisses
rirob,gilbelegkur,modu,fair,gratbu,jaephim,yoshi,nifud,urloth,trun,athtlal,catez,meririho,nethblien,joaryolv,elmar,gonto,brito
rahcan,dirl,datho,hobhal,nelug,melma,lee,shaal,kiga,thartlaglnso,slishca,zinte,cossburn,rattkirki,ulrrun,biaaba,nykra,diodete
gardcla,rod,varg,gamwich,bolggrel,phube,linshi,semi,rystal,zathoth,thekthli,chca,vivigel,ratsktuk,kolbrei,waraii,elvamus,uchoa
laulay,roddag,glotyb,myrgo,zumbad,losshandsa,sa,nana,mellos,chtonguthoth,sal,catlno,kinauvi,ractchek,snorriülfr,raummacer,criszoviszi,caetano
anneealhes,fanvan,thorbur,boffin,triggthurg,monwarg,yipo,nihatsa,zodreb,cthunnafhftha,siyss,teitli,thuslin,reczel,jorikjorik,lamcell,timna,gomes
carbald,taeras,ásta,liato,zuggar,viaza,sege,yahir,suwig,nathmglw,zatha,cuezatl,dagcorqualpy,arrkrat,erikiver,riaxsallius,nasa,napoleão
zaward,lethor,kongnau,gammidge,draka,cisi,pangten,kamil,orzloth,tharda,liilsath,licui,tazure,litchtin,freyjell,thantza,volheartthen,regodeiro
kawaru,va,meka,pingar,gothron,konash,shisho,nawas,lak,truaki,itzmi,ixta,vithiti,tikki,melin,casmondro,micia,rosalinda
timmi,dornall,dradu,chubb,gimbcro,toena,docai,ayus,ragen,glaglabra,ytslah,otlcoli,roo,rat,danvor,ganhemga,lockthronra,bencatel
stani,doldor,gloki,tidu,burzshur,ran,mida,yidbai,torpal,tlachyibbcthon,ssrathcal,t?,fylex,kickak,unnrfryd,chiesraiitarva,nusrathca,eládio
wiselee,iondel,knútthi,ville,hurtzron,sothma,niwazen,yamos,arax,trubrashubshogg,ssthila,tlitli,duwabak,ckakazh,maklaug,buscahe,fisem,aquino
ord,lin,thothar,fastbo,droggul,shando,koshao,fasa,synthra,xotsachthon,scesthsi,lci,clalax,kritszel,varjor,chiangvart,gisha,evaristo
fortin,gwinri,glofark,gardner,lugbol,va,ga,la,orzah,turoth,chiath,itlitz,ryperrax,netharr,brynljótr,posza,cuscode,poças
burgifu,dheldhros,rinos,dingdro,a,draggrorn,kawasa,imam,lareen,tlachfhtagn,mhiss,opo,sinristrak,azartabak,makhall,riusliusbar,geraa,rosa
gedan,finny,radak,chubb,gratah,gorca,po,rafazl,dakta,nthothtru,ssyshtli,quicen,jakingkho,isgazvermi,oddland,raa,dyomlethben,sobral
dicchard,dringwin,linlak,ricru,gratju,xyka,huanghwang,azfou,val,shoggcha,natsyththil,licoatl,vimon,skleettav,vardaberg,ganemayent,rormus,aniana
lauchet,dinsar,duum,blower,buu,ullos,yotsai,mahnab,takzap,fhtagnsog,silcesth,pelhi,galke,riskcke,magrun,eubal,todackdi,pontes
brasbririe,therond,duumkhar,boldra,ongzhul,fan,huangchen,yibas,akborg,glaoth,rasits,catli,rianphy,kigri,valdmund,gelsto,wargry,mamede
eadbald,leonraen,thekhaz,ville,balduz,laskel,hwangte,rasu,condos,ctucfaqyth,syshsytssty,mezhual,mothamo,rusiak,halfland,zelmo,mamelfci,castro
tommar,dargwin,thuddin,lonhil,zugrok,maku,lauming,sahaf,lar,laoggo,linthy,ltli,bronthiten,visch,erthaurd,ralejui,naganpe,natacha
phierob,nallgor,mural,bairn,or,babe,gedeo,sahsib,laren,kagtlachctho,citly,ixya,sthenndiople,ktukki,snorrillak,bosursi,gauganmon,varejão
dada,illos,dinthe,holony,baddorg,gotho,bocheung,baba,laitak,elturdhra,ssithsy,xi,sulblood,rhikit,unnrljótr,karsatrax,volcaloa,parcidio
beorthward,ea,ridar,pipe,roor,kruulra,wongji,ha,zoqpet,chthonthogtep,la,ohnene,fleurrenzius,kirek,finnvald,xuslea,roxopros,meireles
carorah,rafin,thargru,manlo,lúrtzdrak,haagarg,taiming,ata,rarys,cxafhtagneh,tyytl,tliotltlach,drariwyrmdie,tzarbur,drífastig,daibiabu,gizumel,gláucio
leychel,mandso,mofu,green,zhulbad,overan,zenkyo,hada,aha,cbaronso,ys,nepa,nardar,ctik,kolburd,asriaslava,rumaran,forte
wiljohn,randirtar,margdainso,ardica,hurtzgra,vorgfur,rohi,bala,starmy,ehgo,thycesth,tico,relai,burcritt,oddodin,shayridia,eder,fernanda
laclau,dartinu,furas,butcher,thulkash,cthami,doping,saii,rysthar,othctu,yosil,tatez,thylecdiop,skreki,landhelf,chiangpeshi,taysan,barreiros
soeal,ionbel,moma,hildida,dushzug,ronver,maoto,na,gorva,lengla,kisthi,quetzchiu,thraze,ratta,erlgar,gasphesiaseu,morsha,elias
eadsam,viusjus,bamarg,foot,bra,aka,meicai,maba,lekgrab,nararronshu,huitlsais,yoza,reuskingdar,re,egileim,amma,cocichres,sacadura
terwise,mielkhan,genkhar,rusa,urkash,drargleth,shuyeung,tisha,rodgen,nafhmi,sissy,quiqui,tacarra,recmass,magurd,gatorith,khansolda,mariano
tomke,shimfan,zâdknút,green,tan,o,hwangming,namad,nera,ctuthoga,nea,mizto,dartrator,tikrhi,vortova,civedae,morti,caires
reginlenstan,viusshi,kjalmo,dapy,ugskum,baron,kako,askri,virkon,nathgogog,shy,tlihua,vini,frik,siggurd,rispu,omter,laurinda
robcen,onivius,doro,bitter,duzgoth,talorgel,kairo,reef,dosil,tliabyog,sisstli,otlx?,miaktixgent,kekti,kolbsigg,bale,digion,alcântara
edba,zentari,rorgas,egargor,og,passharg,wangte,mirsha,mycon,nemshaleng,paltsesh,cual,lye,rehakk,aasaud,neshin,mandy,lucinda
debbert,mardan,tharknút,green,danrokka,thadcer,rii,diil,suwon,athog,quosyraaat,zatl,wyrmdon,kratcha,ulfleid,sabi,tohsha,portugal
leofucome,tinuasrian,belbulgnau,rocto,gardur,hagudga,li,sursi,morgru,chthua,sassys,tetlimoc,riaburn,tikvar,gromberg,raumcho,blegastnen,valéria
gormadeb,brírien,brannarg,weed,mashzock,milan,lisa,hailal,virdash,tlachtha,hlythlyss,metltli,thandar,azvermi,,zeasias,wilwer,alcântara
gardmi,ranxa,ithain,pimtol,hrisha,inor,ni,suril,mel,mellnem,tliththis,miatl,tiafla,thskrit,,sasdae,migast,moisés
rocwen,dufin,go,gammidge,kil,masruul,deolam,rithis,hatta,nafhay,ilchitlis,yauhcatl,bellangg,deekrik,,pimon,palni,mansilha
fledjen,born,duchrip,bardsa,zockel,oskel,ga,yamin,rukang,mnomfaugnfaugn,siysste,catl,noxsay,rikktuk,,scoxze,nenrasgar,ximena
ancan,paamar,clorndar,burrows,tulrok,dan,deou,dudbin,dosla,thurrlyabcha,thathy,xo,thethun,tavrats,,phascalbaelbas,elki,pegado
hamroy,las,fumoi,sméman,bolck,ermon,lima,fiha,synthlak,turthog,lithtsylh,xcol,guedrosdir,zarrre,,sithinroth,adruid,maura
freaguth,thelsora,sorgbarhrím,fair,lurtzka,badrorn,laochang,baya,sujad,yibbrath,lithsa,quiza,teo,haskratt,,lacwa,khanricia,valério
mancar,nas,gida,dosa,gashlag,belas,feisa,tilim,dakfot,nothath,syishmis,liztli,temyckcle,kiki,,gosli,zardlusdeonna,duarte
debnya,drilae,sorg,horn,glúkgri,baash,maotsai,taytas,grabrisreb,shudbra,catltacesth,tzinhu,sulne,friktikgnaw,,gaapga,skeman,padilha
bard,vaana,kha,dowi,nákhmeg,druktalor,honchoy,saim,gormorg,thacfa,stisththih,camac,lewhitia,matzki,,undrealca,dergongastwar,oliveira
ferthchael,cadordwyr,sorgglo,foot,gusnarl,ushula,chi,lali,korthi,chaugtlagln,asthpa,yohue,fadia,kiki,,chomnan,saulospell,minho
ingtim,mal,san,cotcarl,mogbalc,lo,xiulam,lia,je,yugdaoth,tyssass,mixtll,tisquall,isiki,,zelcaslas,metar,balduíno
pherdino,ionuilas,náin,chubb,uzbag,hatoe,tsaimi,radal,rari,zanemnig,pilsy,ohhuitz,rionfu,stiskiskikk,,tijuisauna,lyze,prada
thasphia,cedwyrwen,burarggrim,robrand,lurzgro,orgpar,kimga,lalfa,zergle,bramglw,lytcyth,tlaltlch,zead,tavctik,,bachfornesh,monmertrum,luciano
muelan,disil,sothu,chubb,ka,phule,raru,yata,dakum,cthoteprly,sischitl,capa,renthrackze,morsratt,,drealnurcain,lepalrati,baião
lenven,thaswe,dasba,malcot,bugrosh,ulsau,yanglong,masu,zergne,trukthuntha,thicoatl,pilo,jalaka,vittat,,alsion,selocksa,denise
jotheodcrow,mieldan,konnur,chubb,gathug,grornmas,kanin,mizi,ako,sogua,sthicieth,ch?,pysiltral,kickak,,osab,zulo,ginjeira
arlee,lasglor,dudorn,sanan,dushblorg,ranea,ying,jusu,zaak,nothsaphn,es,panli,glitlanrie,racha,,balether,lonzetater,pandora
ceolnald,giborn,rivann,boffin,gashu,cthaula,nikim,sibla,dukke,chthunarcfa,miaat,itlhue,korcasul,skleetrac,,lema,rukaiben,mesquita
gartho,rieltoror,doaigim,lofast,lugdrak,dennex,baoro,yaha,vuxye,rathshudmell,liisal,xtli,tealcasan,kitrhi,,rephuin,kapal,adélio
bajoan,kurdír,rukthôr,sandy,jugey,xusardza,maokai,qilmid,rata,yugguada,raaatci,mic,tapul,skeezel,,tasit,manpezum,barra
masliam,lesgaladh,adrin,dago,radgor,moo,zhangying,murmeel,dashdak,rathnarfaugn,thiia,ilo,teryso,rhicku,,gossalane,garthlocklock,joaquina
cylaf,thasren,argbur,marish,nazuf,berudpe,kakhan,lalmulak,roonle,ctugluitho,ssytis,xiuhzitl,sulpythar,racchok,,baalgen,jaxsol,talhão
lafdonmark,ethdis,khazto,lidine,itu,mar,chunji,yatara,daktron,tharnafhmnomyog,lesssit,cuecoatl,rerblet,checta,,shetobia,edelde,rodolfo
thorkim,nasquen,bi,shire,garhurtz,imiltar,shoyeung,zianas,barye,sogma,chhyilis,itlpe,simenth,rikktuk,,caroth,lockculbele,arouca
lauven,lanul,dazâd,cotra,gucro,argmo,teochi,taabd,ahga,tepaki,hlysstisth,quozin,draactankiss,kecsnee,,mondai,zedlo,cecília
ferumrencia,raen,lakgli,hand,nazgar,baan,taikung,zumeh,zuc,gonshu,ylis,zalzo,yamur,matzaz,,toca,dergamar,simões
beornwerd,lorior,thralmarg,cotbald,hedkarg,grimel,tailau,woodla,jeshan,nothcthuxa,thihthat,te,veleder,thtin,,posarra,toswan,belchior
kehildi,caar,liba,bolger,bolgrosh,rithkai,aya,ghabiy,norvir,cthalkorly,esslish,cotla,zema,kinckechi,,raimglasa,addo,araújo
ferumjo,thora,gorglo,brasmir,skumbru,ctho,shibao,khaybiy,nethon,danathfthag,otllin,alin,reda,kuthra,,miame,ganvis,leonilde
docuth,thalty,thiri,rumble,lug,lorbasgor,yaojung,fuznaz,suborg,logothna,thilh,teotle,sitia,kichok,,laga,thothbricilo,forte
keven,losel,magil,sefos,ahed,ka,mingki,sawaha,pryduk,nothko,tlachiths,huitz,yuem,kinemeis,,ishme,neanax,josefa
lesald,rilfu,libael,hard,kaga,mita,shokang,ju,kiah,raththokluth,ssithyl,machi,avi,kignaw,,ares,toman,botica
tinemas,gadu,óinrorra,rasi,rongkil,gatmalor,kajikyo,jabas,laye,tlachgoa,ssyly,li,rathlysmaug,ketskeetav,,phispei,torme,ezequiel
mitles,tharien,thidan,bolger,gruntlikva,veu,nahido,rara,contac,fhtakagroth,cotlthsa,mao,gonhol,kualki,,gaslor,swanfiz,dinis
jackcome,mathkur,sináin,gotol,glukgarm,skelula,sata,zara,kohrsu,thoggo,sath,cotlcual,gilbalbalt,prazrhi,,aniasbal,elya,hermano
chaeljohnforth,maral,rinor,hand,urumshur,drathad,rashi,lyama,hikohrye,arulaki,aliss,catli,ceria,ctikgeshtnurg,,deharir,vamanmelfsau,lustosa
stechar,thirriel,rinbael,tinebe,tate,arak,se,jafa,orzzon,cxarothnath,shtha,tll,zerraldri,kritshakk,,leraxca,nenxo,teodora
richge,danea,dainda,small,bamurz,drornmarg,kayang,ratsha,zorgborg,tepmnomlhu,atlpe,icli,konliym,deche,,riasdu,cilowma,guimarães
wiglin,glorlan,durtyb,hildinel,zhulmog,melmay,chennin,raik,twipry,rlymglw,coasy,xchma,raestaco,tikmors,,afor,zamus,diodete
roybras,dhelphia,dwaarg,bolger,mornack,hargimgash,laoteo,ladur,tarlai,thyogthothdao,itslsass,hualnathual,kraynlaisan,morsvi,,alimtemet,caadgus,sá
jackri,ethnall,bium,rymira,muzarg,phusimil,minglao,latha,lezol,tliabrath,huit,chial,reslalen,kiec,,pharlith,nana,marilda
nyacas,dhelmal,gunsorg,ville,glukthrum,muram,yiro,trosa,zergroon,nfthathar,isssthmyss,zoma,sheau,vrinkis,,lebhai,manaxnea,macieira
macardne,dunar,thraldáin,docfast,durda,lamia,jungbak,raha,hatpro,loarchton,shisthy,tlitli,redu,drakdac,,gorphe,nyssera,ordonho
tonbar,rameril,drora,brace,zuggar,baganor,gixiu,nassfai,kzerdos,fthalath,ssytsass,panya,racover,cinki,,cael,maa,urias
seredan,sadrieleth,maro,bandomo,thulglug,margle,hwanghi,yakeel,susynth,tepaki,sy,lial,cadon,skik,,sadre,dershaogar,eliseu
pa,mae,glikha,leaf,dogmur,rargrath,mimo,faqra,kaidru,gonshu,cesthhlyshtli,huitiatez,diren,kritsmatzki,,ana,zesanma,castelhano
crowrah,losvashj,rin,tohil,radmurz,ganorzurg,kairu,aksha,hatsur,nothcthuxa,sthmii,cux?,tusta,chitassik,,alva,zamcris,bernardete
drytlay,mallos,zâddáin,whit,rendgul,laslornee,powa,fawya,vator,cthalkorly,zosiyss,lhitlan,rhaere,sneenaard,,annain,divhra,laureano
thyren,ar,risba,halsere,grigarm,drargneusard,no,rayka,zergur,danathfthag,thysits,otlpapal,linakauglia,kiarr,,gutan,tarulde,angelino
eal,mand,thaingo,two,chakdu,thildne,yachong,musfa,thradtac,logothna,isssissh,cui,erome,khakkrits,,sahoriax,tulzema,baía
milaf,thalionshan,bafar,rongo,gothor,mepos,tsaimi,samabd,drurod,nothko,shista,cueatl,riumseade,rattkek,,drokeguna,conusmor,ondina
annlas,phordar,zâdri,ville,ashu,reshba,tokim,rajad,shandru,raththokluth,teza,zitlzicatl,lizus,kinaard,,postislyon,ganshaokith,marreiro
ciameri,jusior,budóin,erlingberyl,brabug,melharg,tenfei,dersha,lala,tlachgoa,sassshi,caepal,wyrmblood,drakket,,limancias,neaborel,renato
guthjack,raree,knútrom,roper,kargthug,dekruul,telin,ahthi,reenah,fhtakagroth,tsylhma,cuetzo,rafurke,chitabak,,cerpes,nusti,amaral
casceocia,kaeledhel,thorki,ripri,udra,ardbeimas,teyao,shaa,palgal,thoggo,sasssthly,tlimal,valharsky,skellsa,,logat,madusel,hélio
obeorth,nerel,dornber,whit,lurtznaz,lijes,sechoili,diaya,gireen,arulaki,sthyssma,intcu,khotraga,ka,,cibelius,rulan,boeira
san,ranra,ringrím,mablanco,krimgar,bamal,saro,brilma,zexpox,cxarothnath,catlless,colmahuitl,jaewyrm,kiecnurg,,helbashaag,riata,milu
muelria,kithimor,immag,two,ahgrunt,stolasga,shoyo,yidfa,draxah,tepmnomlhu,chitl,ltl,flathyre,ratta,,ballabub,cotimnan,teles
nathae,ros,ifark,pyco,bolgnaz,murthandnos,kiya,dimi,hatzap,rlymglw,thysththes,max,nightnakclaw,neki,,aam,lockleria,fernando
waldgard,nedath,sorgrin,bitter,zockchak,o,sueyte,ni,pakah,thyogthothdao,sisass,xitli,raldrocvio,viche,,nenali,ganla,castanheira
sungry,kraesmara,bul,redpor,bolckharg,rusi,shoubaolao,thuzar,roaduk,tliabrath,tslahlysh,co,canakiel,kine,,moa,kaima,querubim
elito,malfin,bulbur,gamwich,gorlurz,drakvi,liuhi,khabasbril,zexpik,nfthathar,shassi,cali,lysvhafri,kuskirs,,daci,raraneadack,faustino
andry,romdir,dinkon,rehal,olgco,monsadrag,leira,harhim,ugeko,loarchton,hytshas,mii,nixa,massratsrhi,,zelrianriax,dalflan,telma
hessan,kithdir,kjalbab,brace,ga,vorgrith,shuping,sama,genpry,fthalath,tessis,zite,koshe,thtav,,rauma,duskithtre,barros
sannya,shava,dua,agollo,hurtzbu,bas,meima,mafu,larrys,dhractunaglgu,sysyths,ez,spuka,haskki,,ronanxus,mordeonga,claudemiro
lafbur,carordir,thral,buck,nákhnaz,doom,yanglau,rami,yetron,mnomehctu,hyitli,ttla,nousdesquall,tavermi,,phures,runaxsa,fortunato
stando,mara,ordrari,migo,mogdog,thildgaap,niguo,lehayas,lakka,shudxotlachshog,sil,tlixi,rimo,vasri,,bloanbad,roa,davide
chelric,dangi,gofur,hay,ahbaag,zaras,jitosa,ariad,zapah,tholoth,isia,teliz,cyclesmo,kitaz,,haagpesli,giusad,escobar
redba,lareth,mazmi,nasco,megbolck,cthuwarg,kangri,hasha,lakling,fthaglago,caiss,eto,larisder,vignaw,,ires,nylamel,lara
clacome,nimlor,arg,burrows,megsnarl,erka,kama,mufa,gavir,thothmelltho,colttlia,teia,canlakrion,kibar,,lionti,banazi,cotrim
ken,leonmae,ranthudli,willwi,gagor,meca,shaoshu,wara,myzod,gothcthal,pillis,lotlx,brimthra,massstisk,,lesaimo,rotay,joana
tim,rasaran,aikha,girdle,gashkarg,vathin,ulam,evid,zoqthar,fthachaug,syysmic,tecol,ame,ratchi,,cilasros,omti,cedraz
ric,leme,rorindak,rodaisy,nargga,aba,rukanse,babadr,talwon,yibbthogo,tsylh,eto,kerywind,fezarr,,asur,pejaxran,fernando
ingdo,sar,brannri,gardner,thakkarggash,norparthild,momei,narama,zadrex,ogul,cisis,nea,lenicharr,skreazh,,fronsblis,doaman,caeira
berred,diel,gagril,dridadoc,thugbolg,rukshand,datsu,kimi,ri,nagla,palsais,ziytl,ressi,durra,,buslial,ratoh,tibúrcio
joo,thalra,franthôr,hard,adrog,marggruk,shouma,ma,sular,yuglengog,lylith,loccoyitz,risha,puchi,,monmurpurlam,ciusdisil,bento
acarcla,thobel,náinga,pontred,lurzbuz,oula,jungjim,suka,risroa,knuleh,lytlal,pan,myckfurar,rats,,cimora,garthmelfgi,teresina
frida,ae,konhar,gardner,burga,lirtu,sa,niysimha,elasu,nothgocthal,hrissslish,tlaotl,garsi,tukrat,,donchiesnan,morra,castelo
ferum,mielhad,dira,dogard,duolg,ulamon,maling,manfa,laela,cthuleng,ne,litli,rairaldroc,rusi,,nexriax,borlan,branco
doba,imkur,bathôr,green,nazgruntgu,iba,ka,ha,synthtal,nacguxo,ssith,panhuit,corlin,akek,,liathim,melfa,xerxes
anly,dhellas,óinthi,pimfas,shnagnosh,farreon,shipangpang,saysa,tavalro,trunyarnafh,sythytl,yatli,fyacy,detcche,,tetoscell,melga,câmara
gifuan,riandol,grimfran,hay,gri,tulcor,kyolao,uzram,bugdi,natheh,teyraa,ltlhuit,dirlaxse,chinagar,,ryfo,monma,ofélia
joloc,ielthas,ligar,garric,selbug,draku,baoka,dilid,thonra,lachaugchton,ychitl,xiuhxo,kinbe,kick,,toishih,lantira,angelim
royja,alga,imhrim,chubb,uzug,grimshu,shou,tazta,ahris,fhtagnraththo,hekthsxi,itztzin,draythi,skells,,roriema,shader,josé
lafmax,raarin,mekror,harca,dorgbuz,as,waya,nadi,raxkzer,thamnom,xilysh,xi,baltyilho,tinpu,,vaca,satarpin,guterres
ekeelf,tomathloran,beldahar,gamwich,ulug,hanzorg,choihi,a,gagen,kluthdhrafhtagn,mis,mitli,file,zarrkirki,,resa,mithronbor,nicolau
nethferd,thranzen,niskor,garva,hrishduz,ron,tsuli,rawra,draxthar,nyargonkn,cesthcatl,tlia,rexusi,skirsrek,,biacus,omronwalt,montalverne
nashol,lathosthir,gináin,maggot,nákhne,overfan,rubo,tita,vorgreb,loxanathoth,ciethsthasth,tezlizca,zorsmaltcar,kekrec,,bamanrit,rordarkki,ester
henald,sofan,brandthu,odobalbo,a,rethushang,yieshu,sanladul,roonstar,yugaria,isthiss,tlicatl,maver,azartav,,xalithbe,rasso,soares
cynfrith,rionea,neyur,weed,crotulmor,malbra,caiu,jadli,kizol,yakgo,t?,tlico,rechry,loikikin,,soynris,swandibrifis,estefânia
mondmuel,rael,inrine,tarbold,olga,posgoth,bao,saifnoor,lapal,mellcbakthun,sslaniit,catl,clerestanz,danurg,,ajesstolas,saga,camelo
isenrol,kithmai,thauthec,rumble,grelzugne,odrag,meilaushi,fatros,nona,cthoshan,rail,ma,envisud,rattav,,talamma,omna,jordana
cadicgrim,dril,franor,rocacar,prukdur,igle,salao,ya,drexoya,nakoshog,testsesh,p?,wingfy,likneth,,dayphecus,siratha,casalinho
muel,vare,ber,bolger,gradra,gashrend,sawa,rarauf,dakrys,narshud,hasy,xiuh,rumdraacma,chek,,sicolmon,thenran,derli
sawulf,thalionraswe,gloskor,bellariel,grigash,rak,chongpai,rizi,lekthi,akironlothfhtagn,ssysshi,necux,rilgen,naardvoss,,zamarne,nannan,casqueira
venredrah,nasedhel,imim,bairn,blorggarm,robi,yichoi,zaya,zucle,arkncthon,ssyshsttsylh,catlto,killlark,tuk,,fiolabe,tarta,aires
vinpa,maraelen,mimek,goranth,drogmuz,quasorth,caipai,nahli,tac,wgahia,tlilotlsah,tlaletli,smaltsulmer,kimickgri,,lecabas,dersilva,muniz
winesa,radar,arglak,whit,nargnákhgash,katharg,dashi,laa,takzorgrys,quahgoth,thlylas,tetli,kelys,zelrec,,castiles,zumadme,irene
vellha,ethrod,thural,billimas,gakil,na,koru,fala,tossza,nacthur,huitthih,ne?,ronaxus,kisvar,,malhauraie,culnita,césar
phiesan,nall,umdril,gamgee,oggash,haagmar,bakga,laiirrouk,dashzon,dacha,iatshas,moxo,merthi,nerin,,gotian,gastly,evangelista
geormuel,doredhel,rissi,elffred,gruntkros,phanlas,teotonghwang,gafi,zac,narnafhchthon,tyssy,tezcoatl,mophusdus,checfe,,chiabus,nael,salazar
ceotom,bornthe,skortad,boffin,gothhed,cusanth,wenchungo,saifis,elakzer,tharon,ithshuitl,line,care,ketbaz,,salu,manduspal,guterre
sanmaxdon,arhad,thudmae,tofas,ushark,nagrornrtu,doten,myai,zucstar,tlifhtagn,yi,catlnat,zorno,rekazar,,roraum,makaiga,vilaça
nebur,caam,gamo,foot,vagash,pherarg,ta,fanma,kzerling,thlinagldao,tlitsicyth,quito,roctixmoro,grimick,,barothfrons,loom,cátia
timbeth,aran,gagrím,grimri,zogubug,bunemarg,dochen,lay,loutoss,thogo,thaysthxiuh,natli,darthrack,thraku,,mopuhe,nustimel,rua
frearah,mith,raldwa,bolger,krosbrune,paiimgash,chongro,nahtah,raxva,cthaftha,shicyt,zalcoy,ciahet,kiskabak,,ryzapi,riaranligau,capitolino
osig,varrion,neki,garsere,noshda,imasshang,nawu,yasay,zolren,cthucbashoggel,calyis,huito,xusrorion,checrisk,,flast,demale,gomes
joanleson,raaz,mabi,took,krosdrogrosh,phaszorg,wongu,rami,rasur,gluiyog,hisshual,teix,nekel,tikrhi,,umarmar,spellnylda,nicolas
cylen,lee,mari,binimas,nosh,chonazg,ra,hiha,kohr,shudthoth,asthas,yaotlmix,nesanven,chirisk,,lisilcol,khanrathchres,candeias
towyn,radis,thor,took,balmog,bemoth,nosuey,naris,daxmy,thoggontep,sothsthas,i,corblay,dwellthan,,nocesphus,lethwildoom,alvito
conchel,lashal,dindo,chicho,akash,zorgde,chunbak,kita,borgchm,lohascthun,ylthis,zitia,renstynpul,ckuktin,,buerpai,bristranzam,pardo
lycon,kraesrin,thralthain,maggot,techak,fenri,chen,lalah,zodpry,othfthag,tlantez,xici,perso,flemskik,,lipur,tanda,clóvis
mibrand,randirtor,omod,tolpha,guner,lamali,jungrugi,faylga,wrathlouga,ulma,cshtha,icatl,lhoblood,thraki,,phusmurphe,tregrimso,fortunato
rocred,ror,santhe,ville,urkog,cesleth,yajim,datra,vatal,turdhra,shisath,allotl,corrionsil,hiskdur,,euunhu,zumrathnys,neusa
amit,taeros,gidar,fína,ronbolg,doomel,chunko,hi,lake,yibbab,malasths,tlantli,shaseblet,kikin,,nomi,wilrin,cortês
brandthryth,rieltoror,nenuda,gardner,kargdish,as,huangthai,daga,dosro,yugcxalo,xcsthy,cen,reka,detcgris,,raimsinem,lesol,joana
freawen,iondar,lingrím,boldfro,te,latoe,choymi,zal,kailing,sochthuthur,tisthtslah,hualli,duziusfi,barrass,,micell,tulcianyl,padilha
lanasmas,thuringlorso,genglo,cotton,gratpruk,mas,rulau,sahar,drothradra,brasa,thysshthes,poch,parthyre,kiquol,,pardaetar,gonkhan,severino
carcome,elleon,daa,coa,haruz,busulf,kanchung,mahiz,an,thala,lsythssha,coca,thusde,racat,,vea,lowran,duarte
jothryth,duil,linni,blower,shurthrum,reonthild,caikyo,gau,riex,cturothcfa,xosil,lannat,riadonroc,pude,,heel,ane,fernando
joandoc,ridel,drina,tharu,kargkargva,dragta,lichan,sainsan,azerg,tlaglnab,xiuhlo,coaxa,corren,kekvar,,prushaas,razard,aveiro
ricmarma,rian,thane,whit,argthos,cthekareon,kolau,hamfa,rane,yakknthoth,chihekths,cueti,cyrionmo,ki,,laroa,cidyommus,napoleão
leswen,raendrane,guvarg,aderu,shadur,cuhud,tehi,ka,tanor,cxarlyshud,mi,copil,autrak,rattche,,danfio,madarkmysban,monsanto
andceolwig,hirthas,rin,sack,bruner,wason,bojim,sariam,doshat,thargonglui,thithts,tlanmi,gonla,bazlitch,,bedaifesh,morman,zuriel
anferd,suphor,thril,daddo,grizogrok,rornma,mingshu,wudya,lothzo,ulgogog,cetxo,yane,theori,zelflem,,racesbus,dernanus,portela
mes,cardir,dasruk,hay,thugchak,argfo,itai,lahfizza,palshras,gothaki,thihis,zahe,dazchar,detcfe,,magoth,rorka,zacarias
rahrob,maeim,dothimi,gilgo,gorkros,rakha,shichen,atrus,kodrokeh,dhranothqyth,cuihhuitl,xici,gadecoss,chagris,,annexa,ramer,serpa
eli,vethorn,ado,body,glugnaz,hudorg,mijim,zizi,ziabug,dhran,kthyssisth,maza,rionkake,rassvrink,,tarva,tsokithgagan,bruna
fortinjeff,nasvarnar,mêba,oclar,bolckgluknosh,rargroth,tahi,nyaha,ru,qytha,hasit,chiu,khisoul,azarche,,tanlisko,roderri,abelho
wilphie,maeleth,gorli,bolger,gimb,raidrac,wongra,salhat,talgah,oglactho,lisi,ltl,vitara,dastisk,,hai,fizna,cláudia
holria,shaie,kharást,mondsmé,glug,rakhu,kojung,masi,kor,xososha,ith,cualxoch,lhorische,dekkit,,scoxnoenroth,damussith,freixo
mondli,rionmar,amu,gammidge,luggluk,gasna,da,nabi,utstargrab,rathwgahma,sia,xchcol,rokelfa,felik,,neuserhem,ranga,eulália
retwulf,lilad,gimra,onyli,shabolck,sabrud,pangniru,sula,synthmak,nacthal,sthlythih,quopal,phyrensisa,blien,,phisha,monzamgast,ruas
anneu,maiae,glognau,leaf,thokgor,anvihu,longlau,ramur,orzlenn,iatlaglntlachfhta,sshisthil,teotltlal,althon,racthra,,flalo,davoldoom,sabrina
suregin,livan,frandin,tose,durzun,grukmay,choijim,adha,mylennton,yugshog,thslishxi,cuaitz,raderburn,gaztzar,,gubiami,ninsiza,taborda
sontine,liaril,margma,small,garmduz,nisdus,kyo,dalbiy,ko,yigturgo,salthi,maccux,rissle,assikskik,,nethusrith,deongrimma,gaspar
thrythke,wingmaidhel,thurarg,lonob,gothmuz,moraum,tethai,hiami,wrathdru,tharnar,slishi,anoychi,tuco,kitskell,,certoib,yaspelldruid,camilo
dun,feu,huri,maggot,lukthul,niasdark,posa,ghaaa,condax,ehrothmnom,ilays,linoy,mothshimfi,ractchek,,vega,swanlo,belmifer
leof,dorhir,rasthain,todo,ida,monoror,sa,gabro,pakshras,rlycthago,sthlyssra,tli,kodul,chire,,lialforas,naxlothoth,lousada
ferumdan,lethdan,tyb,baggins,morzhul,murxy,chongsuni,mam,risnor,shubchthon,pey,hualo,mitryff,dekis,,roan,lelathen,claudemira
jenfer,rohirto,durkjal,ingmyr,lurtzhrish,rornga,ru,shara,jathrad,laguatlagln,tsthihssenlasth,hualchi,ymtus,skleetrin,,entchvi,garthtarri,prada
ciadon,we,thainkjal,brandy,húrhar,hocell,jimshi,sayghas,dashle,rhoehgu,ithsthih,huitlli,sulasis,deeknaard,,naraphi,marsima,zuleica
guthsan,belegimor,hanber,markar,rongva,o,paisa,laes,mrpet,aeh,linoy,o?,bloodredsud,nurgdeek,,cahifu,nibenlanvol,barroqueiro
brii,pensar,dorisbul,small,radner,shargdresh,shilee,sabiy,jadi,ulia,thlynal,mahitl,sudnenmo,pukual,,beelmallas,comaa,afonso
orah,belnar,gaski,basal,krimlug,gud,boikan,sana,dropak,cthalgo,cetxo,xonol,tombri,azche,,kapmemon,rinmanmus,borja
zales,iltar,drandra,gammidge,hedburthak,mas,ko,saidiya,borg,kagogkluth,thihis,tlalma,pydi,skritki,,koma,aa,anacleto
nanord,lorsu,rin,thowise,garmog,iar,ishu,tinaas,chmshan,hothcthungo,cuihhuitl,tlalchitl,killtakel,ckukek,,beela,davis,lagoa
egelnya,finlan,rangas,holm,nazmuz,rendreon,shaoyie,abna,larva,nyaryibb,kthyssisth,cichiu,liusflashne,skritneth,,shaxra,gandyomman,fausto
ton,khanvius,linthôr,gobodo,rend,as,ruling,tarais,louspa,zayognoth,hasit,lili,dilacor,kiket,,tophan,edamor,cortesão
taro,aegras,burbrand,cotton,thullik,entchmor,linnakawa,za,aduk,lacthalchaug,lisi,ana,traly,lotchek,,dangophas,monrindack,rafael
wisethae,rilam,modmu,bilgar,danrend,rabia,laushojim,faimur,raxari,lothabnem,ith,teiltl,thusi,chitskellska,,bimemon,musdokra,domingos
eadthy,narxa,thoróin,gamgee,olgorz,mi,ura,menzaa,pry,chtonngoth,sia,xiuhhua,dorbrass,nikcku,,murme,warsol,antonieta
ceored,rosed,dinlin,farberic,rokuz,goth,zhangda,ziyzi,dirazol,gocthu,sthlythih,ocuauh,nixyule,vaski,,becellscox,darkmanban,afonso
grimkim,thandar,maehjal,two,blorgbolg,raze,jimshi,sajab,borgki,gothsa,sshisthil,lotlca,nydrayreusrum,zarrvas,,medanhun,emabel,brenda
hesjanan,taririelgil,zâdzag,sede,ubrodrak,lalac,lam,mudmi,mrlos,cthalrhocfa,thslishxi,quohuitl,oa,ket,,ussiezu,daindarksol,valente
linelf,leon,midar,shire,gratzug,mazi,kyoki,shahzad,grab,quahgluichton,salthi,tlitlah,pykina,litchki,,bela,spellcrisra,nelson
holphie,thasdae,dandi,chota,nargduf,fanus,rana,ba,ledax,shoggxoftha,slishi,xtez,gilliugbea,skleetchit,,lorblexba,rokith,paz
isumpa,loscele,dasad,small,gorro,shugu,zhangshao,mahmuh,spasynth,nemgon,ilays,hualci,narsi,tav,,maresmon,tisaswan,laila
tolle,lindin,thigen,bowotho,bolckdra,maliimil,shouzhangra,nitha,ne,yignoth,sthlyssra,cotlxiuh,harus,vihakk,,storarus,mepesith,leitão
lafni,danda,óingrak,burrows,kadan,argror,pingru,maa,dakbug,tharthurloth,pey,xa,reauper,throchi,,telaca,darannanron,bernardina
ealdo,wendrane,drathec,carlbold,har,sagrarg,yaomei,rafeez,laah,hothkn,tsthihssenlasth,catltol,gonremla,gesht,,haumomi,rokhan,paiva
egelmar,feuuil,umkha,burr,zundush,siasme,tawong,sasul,hi,nigel,ithsthih,cualmez,sesofa,schta,,chiesrasmal,mader,ximena
ferthever,rianle,garnu,rasdoc,muzongzog,marci,kamao,lihind,ari,yakgu,linoy,ya,phynixcar,tabakskell,,mebuer,xozulrath,mariz
thonyar,finlor,dardain,sackville,grombolg,draggoth,wato,hali,lennla,lhurly,thlynal,tllpa,ciarote,chokrhi,,galijesza,tohepin,adelaide
jen,ioror,rin,mondgar,blorgor,santhde,leea,beenhijda,borgdrex,thurfhtagnthoth,athssra,calxo,hisster,chichi,,rae,dalfcara,lessa
joric,uilosa,magdorn,feet,gimb,erraum,feihi,a,ki,lonemroth,sislyth,petla,darra,kiviok,,lasdanga,gelagi,quitéria
wigred,drilmara,rukra,thala,orgar,blexim,po,harmus,kokohr,shogcthun,sthasthzatl,xiatl,flashac,ki,,mamtan,azaru,valadares
terly,dathria,farmo,horn,nákh,bu,huang,lakhriy,pak,ianyar,istthshy,tli,nerian,kuiskikk,,neancell,tuldalfe,célia
uwaru,marnall,geirglo,karpearl,rokshark,imbe,sami,mudni,non,arctuchaug,thmisthyss,limi,thrame,barchi,,gorrisoin,vistider,quesado
fredceotri,dhelmara,dinthor,field,ugkrimglug,sothcasrud,hi,nahtin,lame,cfayibbrathsa,ssytli,tlicui,kechetyr,thratin,,marouba,meadle,cássia
ea,borrian,grukdin,logrim,daglúk,vorgsoth,kisun,badaudti,lingga,cthongoshushog,ithylits,chiuca,goneight,haskchi,,casabmo,maprosgion,paz
siggesere,aceleb,yurmar,brandy,zum,zorga,mingfei,walub,lemy,chthuarshub,sisthly,xne,valemsanshe,cinki,,ryfioles,nanmelf,gomes
gar,ielae,óin,nasmi,kargah,ahau,shihi,saaf,petshan,lafthag,cuil,axi,yiverry,sneeskee,,gumaphas,mernanin,lustosa
grimmac,ulsaelthir,ridi,took,roharg,test,laosa,saqir,kohrrys,gutho,thaha,hualcol,boltthracken,kinkiec,,lirino,zeca,laila
saisen,lorrian,ralhan,chosa,dradish,ara,shiwa,meehy,bekhat,kthunfthacba,casia,moxe,nyxan,meis,,seirma,rucamins,pontes
thonyto,dathdrane,bamo,bitter,throdgrom,mifio,chan,sira,jadkzer,tepnafh,sahhuitz,xi,aumyka,nikviok,,raironna,eldivhdo,sandro
stewig,lair,farmoi,gorade,rogor,dromal,taraya,gathsa,gallak,naglarnyar,cuelsyths,micu,riho,bazcin,,ginmon,warkraco,souto
max,maledhel,lintol,weed,bolggarm,rarg,wayie,tawruz,tal,gogmnombra,stye,lica,dowflash,kanaard,,mynatar,mande,levi
uhelm,bornras,gim,everdonna,gruntgash,phasi,rashi,qayfa,barzod,nyarthogcha,lyisy,tlalcue,onta,rirass,,vean,risolowdel,canejo
chetjen,rianria,mugnau,blower,grel,reththild,sejung,yasima,tonrod,dashagon,asthy,tlina,charrrome,kinbar,,lorvas,tsufisya,quintiliano
radra,moth,lingim,nobma,garm,sionba,sunmi,hamshahta,vagah,goeh,ciethsthly,tli,multleash,bur,,ichiang,gusgius,barroso
thybeth,thassha,rinra,proud,gorlurz,tor,sa,mamis,pikpal,sogfhta,shye,tlachnat,tanakzer,ikiakki,,semo,timkith,hermesinda
berla,morpakith,thainruk,carme,drogbalc,orgsiasgash,laosun,fasa,vabe,dashogggo,ssiythte,lilel,linlote,cheki,,asoin,nafalnearin,foquiço
canbri,dorlal,divann,burrow,snarlgragoth,carortoe,shoteo,ya,suza,naglshogg,ssaslah,yoca,riawyrm,tikpraz,,baa,doomcuscris,jordana
,,,reri,,,,,,,,,,,,,,salgueiro
,,,brace,,,,,,,,,,,,,,bráulio
,,,motine,,,,,,,,,,,,,,quental
,,,girdle,,,,,,,,,,,,,,otávio
,,,drogoderic,,,,,,,,,,,,,,lousado
,,,whit,,,,,,,,,,,,,,mem
,,,rocbungo,,,,,,,,,,,,,,falcão
,,,burr,,,,,,,,,,,,,,rosália
,,,roseegar,,,,,,,,,,,,,,félix
,,,leaf,,,,,,,,,,,,,,luize
,,,daisyson,,,,,,,,,,,,,,brito
,,,ville,,,,,,,,,,,,,,úrsula
,,,sabard,,,,,,,,,,,,,,peres
,,,brandy,,,,,,,,,,,,,,milena
,,,lafast,,,,,,,,,,,,,,castelhano
,,,hay,,,,,,,,,,,,,,jacinto
,,,gilse,,,,,,,,,,,,,,granjeiro
,,,baggins,,,,,,,,,,,,,,miru
,,,retle,,,,,,,,,,,,,,capucho
,,,burrows,,,,,,,,,,,,,,claudemiro
,,,ryo,,,,,,,,,,,,,,marcondes
,,,brace,,,,,,,,,,,,,,nicolas
,,,dolo,,,,,,,,,,,,,,clementino
,,,ville,,,,,,,,,,,,,,capitolino
,,,nobgo,,,,,,,,,,,,,,trindade
,,,butcher,,,,,,,,,,,,,,estela
,,,daslia,,,,,,,,,,,,,,quinterno
,,,burr,,,,,,,,,,,,,,miguelina
,,,tooc,,,,,,,,,,,,,,belchior
,,,fair,,,,,,,,,,,,,,miguel
,,,ramira,,,,,,,,,,,,,,marins
,,,hay,,,,,,,,,,,,,,adélia
,,,hamman,,,,,,,,,,,,,,parracho
,,,bottom,,,,,,,,,,,,,,edmundo
,,,brandsere,,,,,,,,,,,,,,linhares
,,,hay,,,,,,,,,,,,,,eudes
,,,baldgo,,,,,,,,,,,,,,fialho
,,,leaf,,,,,,,,,,,,,,isabel
,,,maro,,,,,,,,,,,,,,gabeira
,,,pipe,,,,,,,,,,,,,,andreia
,,,fastade,,,,,,,,,,,,,,galvão
,,,foot,,,,,,,,,,,,,,aleixo
,,,ingsa,,,,,,,,,,,,,,felgueiras
,,,field,,,,,,,,,,,,,,caetana
,,,hilfortin,,,,,,,,,,,,,,tomé
,,,foot,,,,,,,,,,,,,,antão
,,,bellabo,,,,,,,,,,,,,,sampaio
,,,ville,,,,,,,,,,,,,,emanuel
,,,holham,,,,,,,,,,,,,,canhão
,,,good,,,,,,,,,,,,,,guterre
,,,duse,,,,,,,,,,,,,,mondragão
,,,bolger,,,,,,,,,,,,,,minervina
,,,santha,,,,,,,,,,,,,,amarante
,,,gardner,,,,,,,,,,,,,,glória
,,,bungota,,,,,,,,,,,,,,quinzeiro
,,,green,,,,,,,,,,,,,,rodrigo
,,,bugorma,,,,,,,,,,,,,,durão
,,,gardner,,,,,,,,,,,,,,luciano
,,,mamos,,,,,,,,,,,,,,mexia
,,,horn,,,,,,,,,,,,,,ginéculo
,,,ridonna,,,,,,,,,,,,,,bogado
,,,miller,,,,,,,,,,,,,,epaminondas
,,,hamgrim,,,,,,,,,,,,,,tristão
,,,boffin,,,,,,,,,,,,,,lázaro
,,,gomer,,,,,,,,,,,,,,camacho
,,,shire,,,,,,,,,,,,,,viridiana
,,,mana,,,,,,,,,,,,,,espargosa
,,,bottom,,,,,,,,,,,,,,constantino
,,,tolgi,,,,,,,,,,,,,,godoi
,,,feet,,,,,,,,,,,,,,miriam
,,,aisen,,,,,,,,,,,,,,quintal
,,,small,,,,,,,,,,,,,,branco
,,,fergu,,,,,,,,,,,,,,rios
,,,ville,,,,,,,,,,,,,,rosalina
,,,hamsmé,,,,,,,,,,,,,,monjardim
,,,blower,,,,,,,,,,,,,,silvério
,,,mando,,,,,,,,,,,,,,fogaça
,,,sandy,,,,,,,,,,,,,,adérito
,,,lai,,,,,,,,,,,,,,freitas
,,,ward,,,,,,,,,,,,,,jacinta
,,,lison,,,,,,,,,,,,,,inácio
,,,ville,,,,,,,,,,,,,,leonardo
,,,mondnas,,,,,,,,,,,,,,gonçalves
,,,feet,,,,,,,,,,,,,,patrício
,,,rardtho,,,,,,,,,,,,,,varanda
,,,took,,,,,,,,,,,,,,querubim
,,,docfro,,,,,,,,,,,,,,montenegro
,,,foot,,,,,,,,,,,,,,xerxes
,,,odohan,,,,,,,,,,,,,,lameira
,,,sandy,,,,,,,,,,,,,,orestes
,,,isumpe,,,,,,,,,,,,,,trindade
,,,burrows,,,,,,,,,,,,,,clóvis
,,,miry,,,,,,,,,,,,,,valentim
,,,boffin,,,,,,,,,,,,,,rute
,,,pegil,,,,,,,,,,,,,,assunção
,,,shire,,,,,,,,,,,,,,rosa
,,,asphofas,,,,,,,,,,,,,,faria
,,,fair,,,,,,,,,,,,,,benedito
,,,doing,,,,,,,,,,,,,,torreiro
,,,body,,,,,,,,,,,,,,roseli
,,,daral,,,,,,,,,,,,,,araújo
,,,cotton,,,,,,,,,,,,,,gaudêncio
,,,vago,,,,,,,,,,,,,,vilanova
,,,boffin,,,,,,,,,,,,,,danilo
,,,madel,,,,,,,,,,,,,,vilela
,,,green,,,,,,,,,,,,,,vasco
,,,dipor,,,,,,,,,,,,,,carvalhosa
,,,green,,,,,,,,,,,,,,bibiana
,,,liman,,,,,,,,,,,,,,césar
,,,good,,,,,,,,,,,,,,josias
,,,hamdi,,,,,,,,,,,,,,dutra
,,,brandy,,,,,,,,,,,,,,noé
,,,tellase,,,,,,,,,,,,,,padilha
,,,field,,,,,,,,,,,,,,melinda
,,,blancoban,,,,,,,,,,,,,,simões
,,,green,,,,,,,,,,,,,,gaudêncio
,,,diama,,,,,,,,,,,,,,cedro
,,,pipe,,,,,,,,,,,,,,zilda
,,,drogodo,,,,,,,,,,,,,,pimenta
,,,cotton,,,,,,,,,,,,,,cristiano
,,,bychi,,,,,,,,,,,,,,casalinho
,,,burr,,,,,,,,,,,,,,adelino
,,,belsan,,,,,,,,,,,,,,quintela
,,,gammidge,,,,,,,,,,,,,,hernâni
,,,fastwi,,,,,,,,,,,,,,frade
,,,cotton,,,,,,,,,,,,,,félix
,,,ferdmos,,,,,,,,,,,,,,melgaço
,,,sandy,,,,,,,,,,,,,,silvana
,,,viaela,,,,,,,,,,,,,,alvarenga
,,,girdle,,,,,,,,,,,,,,nazaré
,,,odopa,,,,,,,,,,,,,,fialho
,,,boffin,,,,,,,,,,,,,,guiomar
,,,gildacome,,,,,,,,,,,,,,carrilho
,,,green,,,,,,,,,,,,,,timóteo
,,,ode,,,,,,,,,,,,,,alcoforado
,,,butcher,,,,,,,,,,,,,,salvina
,,,laru,,,,,,,,,,,,,,lagos
,,,ville,,,,,,,,,,,,,,josé
,,,carwil,,,,,,,,,,,,,,grangeia
,,,weed,,,,,,,,,,,,,,crispim
,,,coro,,,,,,,,,,,,,,brandão
,,,butcher,,,,,,,,,,,,,,matilde
,,,norfos,,,,,,,,,,,,,,frois
,,,burr,,,,,,,,,,,,,,floripes
,,,mansere,,,,,,,,,,,,,,paranhos
,,,body,,,,,,,,,,,,,,romano
,,,roferum,,,,,,,,,,,,,,figueiredo
,,,butcher,,,,,,,,,,,,,,rita
,,,dodoc,,,,,,,,,,,,,,gil
,,,sandy,,,,,,,,,,,,,,cora
,,,gilgorma,,,,,,,,,,,,,,valério
,,,good,,,,,,,,,,,,,,claudemira
,,,guadoc,,,,,,,,,,,,,,espírito
,,,foot,,,,,,,,,,,,,,santo
,,,targi,,,,,,,,,,,,,,zenaide
,,,proud,,,,,,,,,,,,,,batata
,,,fergrin,,,,,,,,,,,,,,cássia
,,,good,,,,,,,,,,,,,,neiva
,,,daswill,,,,,,,,,,,,,,ilduara
,,,gamgee,,,,,,,,,,,,,,madruga
,,,toes,,,,,,,,,,,,,,gregório
,,,gamwich,,,,,,,,,,,,,,leão
,,,fredhard,,,,,,,,,,,,,,hedviges
,,,sack,,,,,,,,,,,,,,varão
,,,mantamula,,,,,,,,,,,,,,evaristo
,,,hand,,,,,,,,,,,,,,leite
,,,pimdino,,,,,,,,,,,,,,rafaela
,,,marish,,,,,,,,,,,,,,zambujal
,,,denas,,,,,,,,,,,,,,sabino
,,,foot,,,,,,,,,,,,,,rodovalho
,,,docca,,,,,,,,,,,,,,gonçalo
,,,bitter,,,,,,,,,,,,,,salvado
,,,binham,,,,,,,,,,,,,,josé
,,,foot,,,,,,,,,,,,,,azeredo
,,,brasse,,,,,,,,,,,,,,anna
,,,boffin,,,,,,,,,,,,,,serpa
,,,bawise,,,,,,,,,,,,,,ilídio
,,,sack,,,,,,,,,,,,,,pamplona
,,,ferummir,,,,,,,,,,,,,,taiane
,,,foot,,,,,,,,,,,,,,abelho
,,,isemnob,,,,,,,,,,,,,,afonso
,,,body,,,,,,,,,,,,,,lages
,,,lybodo,,,,,,,,,,,,,,sarita
,,,horn,,,,,,,,,,,,,,mirandela
,,,carmay,,,,,,,,,,,,,,cristóvão
,,,holm,,,,,,,,,,,,,,neto
,,,madla,,,,,,,,,,,,,,olavo
,,,cotton,,,,,,,,,,,,,,estrada
,,,thome,,,,,,,,,,,,,,adélio
,,,bairn,,,,,,,,,,,,,,domingues
,,,popgo,,,,,,,,,,,,,,diodete
,,,baggins,,,,,,,,,,,,,,toledo
,,,angelotho,,,,,,,,,,,,,,estela
,,,maggot,,,,,,,,,,,,,,lagoa
,,,everra,,,,,,,,,,,,,,carina
,,,roper,,,,,,,,,,,,,,malheiro
,,,binbrand,,,,,,,,,,,,,,romão
,,,two,,,,,,,,,,,,,,vergueiro
,,,bodow,,,,,,,,,,,,,,cosme
,,,gamwich,,,,,,,,,,,,,,proença
,,,primdéa,,,,,,,,,,,,,,bráulio
,,,sack,,,,,,,,,,,,,,gonçalves
,,,hardthae,,,,,,,,,,,,,,samara
,,,field,,,,,,,,,,,,,,anhaia
,,,docfro,,,,,,,,,,,,,,ruca
,,,green,,,,,,,,,,,,,,bulhosa
,,,tindod,,,,,,,,,,,,,,agostinho
,,,small,,,,,,,,,,,,,,sobreira
,,,docse,,,,,,,,,,,,,,aluísio
,,,green,,,,,,,,,,,,,,cortês
,,,saneglan,,,,,,,,,,,,,,clarindo
,,,ward,,,,,,,,,,,,,,barroso
,,,grimpip,,,,,,,,,,,,,,maria
,,,ville,,,,,,,,,,,,,,negrão
,,,holgor,,,,,,,,,,,,,,elia
,,,foot,,,,,,,,,,,,,,penteado
,,,does,,,,,,,,,,,,,,adélio
,,,field,,,,,,,,,,,,,,sequeira
,,,angelted,,,,,,,,,,,,,,frederica
,,,gardner,,,,,,,,,,,,,,paixão
,,,rehen,,,,,,,,,,,,,,gil
,,,sandy,,,,,,,,,,,,,,vaz
,,,maa,,,,,,,,,,,,,,alceste
,,,butcher,,,,,,,,,,,,,,terra
,,,tobo,,,,,,,,,,,,,,calisto
,,,good,,,,,,,,,,,,,,belchior
,,,bellma,,,,,,,,,,,,,,flamínia
,,,brandy,,,,,,,,,,,,,,borja
,,,fastdonna,,,,,,,,,,,,,,délia
,,,bottom,,,,,,,,,,,,,,freire
,,,dridago,,,,,,,,,,,,,,martinho
,,,hard,,,,,,,,,,,,,,outeiro
,,,cotmac,,,,,,,,,,,,,,renan
,,,gardner,,,,,,,,,,,,,,moita
,,,pydi,,,,,,,,,,,,,,tércio
,,,burr,,,,,,,,,,,,,,lousada
,,,salmond,,,,,,,,,,,,,,vicente
,,,holm,,,,,,,,,,,,,,nazário
,,,viadora,,,,,,,,,,,,,,genoveva
,,,ville,,,,,,,,,,,,,,avelar
,,,toing,,,,,,,,,,,,,,tomás
,,,man,,,,,,,,,,,,,,quinzeiro
,,,rebalbo,,,,,,,,,,,,,,máximo
,,,foot,,,,,,,,,,,,,,marques
,,,fastada,,,,,,,,,,,,,,zita
,,,small,,,,,,,,,,,,,,chagas
,,,hilhil,,,,,,,,,,,,,,fátima
,,,blower,,,,,,,,,,,,,,silvestre
,,,wiric,,,,,,,,,,,,,,amália
,,,took,,,,,,,,,,,,,,lobo
,,,tedtred,,,,,,,,,,,,,,geraldina
,,,marish,,,,,,,,,,,,,,reis
,,,saragar,,,,,,,,,,,,,,tomásia
,,,long,,,,,,,,,,,,,,gil
,,,dowsa,,,,,,,,,,,,,,filinto
,,,maggot,,,,,,,,,,,,,,matos
,,,laa,,,,,,,,,,,,,,luana
,,,maggot,,,,,,,,,,,,,,lessa
,,,mondmer,,,,,,,,,,,,,,teodoro
,,,bolger,,,,,,,,,,,,,,valadares
,,,mahob,,,,,,,,,,,,,,geraldo
,,,foot,,,,,,,,,,,,,,aldeia
,,,nandony,,,,,,,,,,,,,,cátia
,,,brace,,,,,,,,,,,,,,ximenes
,,,lili,,,,,,,,,,,,,,quitéria
,,,sack,,,,,,,,,,,,,,júdice
,,,riferd,,,,,,,,,,,,,,romano
,,,weed,,,,,,,,,,,,,,baptista
,,,dinodoc,,,,,,,,,,,,,,artur
,,,good,,,,,,,,,,,,,,maranhão
,,,fastgrif,,,,,,,,,,,,,,egas
,,,blower,,,,,,,,,,,,,,ferreira
,,,ralia,,,,,,,,,,,,,,cristóvão
,,,foot,,,,,,,,,,,,,,brito
,,,dadel,,,,,,,,,,,,,,otávio
,,,bolger,,,,,,,,,,,,,,manso
,,,rocman,,,,,,,,,,,,,,filomena
,,,holm,,,,,,,,,,,,,,arruda
,,,fastta,,,,,,,,,,,,,,liedson
,,,sack,,,,,,,,,,,,,,soeiro
,,,bodoand,,,,,,,,,,,,,,luz
,,,chubb,,,,,,,,,,,,,,valadares
,,,golda,,,,,,,,,,,,,,zuleide
,,,chubb,,,,,,,,,,,,,,alcântara
,,,ocdo,,,,,,,,,,,,,,políbio
,,,baggins,,,,,,,,,,,,,,águeda
,,,bericdo,,,,,,,,,,,,,,lavínia
,,,roper,,,,,,,,,,,,,,morais
,,,labard,,,,,,,,,,,,,,marta
,,,foot,,,,,,,,,,,,,,cerveira
,,,docdi,,,,,,,,,,,,,,angélica
,,,brace,,,,,,,,,,,,,,montalverne
,,,bandogilda,,,,,,,,,,,,,,neuza
,,,foot,,,,,,,,,,,,,,bogado
,,,imasdi,,,,,,,,,,,,,,diana
,,,ville,,,,,,,,,,,,,,vilhena
,,,linmad,,,,,,,,,,,,,,honório
,,,burr,,,,,,,,,,,,,,peixoto
,,,folnard,,,,,,,,,,,,,,guadalupe
,,,pipe,,,,,,,,,,,,,,rico
,,,docloc,,,,,,,,,,,,,,rosalinda
,,,pipe,,,,,,,,,,,,,,andrade
,,,sitol,,,,,,,,,,,,,,melissa
,,,sack,,,,,,,,,,,,,,anhaia
,,,dedoc,,,,,,,,,,,,,,aldo
,,,baggins,,,,,,,,,,,,,,antunes
,,,doli,,,,,,,,,,,,,,cândido
,,,burr,,,,,,,,,,,,,,queirós
,,,willy,,,,,,,,,,,,,,egas
,,,boffin,,,,,,,,,,,,,,fortunato
,,,roloc,,,,,,,,,,,,,,vera
,,,good,,,,,,,,,,,,,,garcia
,,,gowi,,,,,,,,,,,,,,mercedes
,,,bottom,,,,,,,,,,,,,,feitosa
,,,litho,,,,,,,,,,,,,,alicia
,,,burrow,,,,,,,,,,,,,,pedro
,,,tleadal,,,,,,,,,,,,,,honorina
,,,field,,,,,,,,,,,,,,pimentel
,,,docbard,,,,,,,,,,,,,,luize
,,,body,,,,,,,,,,,,,,neves
,,,bárbaros,,,,,,,,,,,,,,cleusa
,,,raneal,,,,,,,,,,,,,,pereira
,,,carorhelm,,,,,,,,,,,,,,
,,,swithror,,,,,,,,,,,,,,
,,,waldnir,,,,,,,,,,,,,,
,,,cenhelm,,,,,,,,,,,,,,
,,,anto,,,,,,,,,,,,,,
,,,theonhilda,,,,,,,,,,,,,,
,,,huleofu,,,,,,,,,,,,,,
,,,forthfrith,,,,,,,,,,,,,,
,,,trargwyn,,,,,,,,,,,,,,
,,,skullco,,,,,,,,,,,,,,
,,,rankru,,,,,,,,,,,,,,
,,,swithgrund,,,,,,,,,,,,,,
,,,waruval,,,,,,,,,,,,,,
,,,targcromm,,,,,,,,,,,,,,
,,,thuk,,,,,,,,,,,,,,
,,,axe,,,,,,,,,,,,,,
,,,mand,,,,,,,,,,,,,,
,,,krom,,,,,,,,,,,,,,
,,,riccromm,,,,,,,,,,,,,,
,,,drudbeotharg,,,,,,,,,,,,,,
,,,wulfgrund,,,,,,,,,,,,,,
,,,neonon,,,,,,,,,,,,,,
,,,eadgar,,,,,,,,,,,,,,
,,,uferth,,,,,,,,,,,,,,
,,,thrythkro,,,,,,,,,,,,,,
,,,gundwi,,,,,,,,,,,,,,
,,,kahcuth,,,,,,,,,,,,,,
,,,ratthe,,,,,,,,,,,,,,
,,,ordesc,,,,,,,,,,,,,,
,,,targegel,,,,,,,,,,,,,,
,,,ricceo,,,,,,,,,,,,,,
,,,krom,,,,,,,,,,,,,,
,,,del,,,,,,,,,,,,,,
,,,cwen,,,,,,,,,,,,,,
,,,theald,,,,,,,,,,,,,,
,,,conkrum,,,,,,,,,,,,,,
,,,makswith,,,,,,,,,,,,,,
,,,theod,,,,,,,,,,,,,,
,,,maktrarg,,,,,,,,,,,,,,
,,,thukea,,,,,,,,,,,,,,
,,,utargskull,,,,,,,,,,,,,,
,,,aefrea,,,,,,,,,,,,,,
,,,chopongren,,,,,,,,,,,,,,
,,,hescrom,,,,,,,,,,,,,,
,,,kruferth,,,,,,,,,,,,,,
,,,okromm,,,,,,,,,,,,,,
,,,lafhilde,,,,,,,,,,,,,,
,,,manto,,,,,,,,,,,,,,
,,,steelwald,,,,,,,,,,,,,,
,,,carecare,,,,,,,,,,,,,,
,,,krommand,,,,,,,,,,,,,,
,,,rarwyn,,,,,,,,,,,,,,
,,,anvorthak,,,,,,,,,,,,,,
,,,gundty,,,,,,,,,,,,,,
,,,aeae,,,,,,,,,,,,,,
,,,reyabeorn,,,,,,,,,,,,,,
,,,freyane,,,,,,,,,,,,,,
,,,draethel,,,,,,,,,,,,,,
,,,gunddrargkro,,,,,,,,,,,,,,
,,,beodrak,,,,,,,,,,,,,,
,,,warrid,,,,,,,,,,,,,,
,,,kaco,,,,,,,,,,,,,,
,,,drudead,,,,,,,,,,,,,,
,,,ferthon,,,,,,,,,,,,,,
,,,carorhes,,,,,,,,,,,,,,
,,,rakkro,,,,,,,,,,,,,,
,,,theon,,,,,,,,,,,,,,
,,,waruwi,,,,,,,,,,,,,,
,,,conntak,,,,,,,,,,,,,,
,,,grandcon,,,,,,,,,,,,,,
,,,theneon,,,,,,,,,,,,,,
,,,onnan,,,,,,,,,,,,,,
,,,thanghil,,,,,,,,,,,,,,
,,,freaaxefrey,,,,,,,,,,,,,,
,,,drarg,,,,,,,,,,,,,,
,,,thakrar,,,,,,,,,,,,,,
,,,freyaran,,,,,,,,,,,,,,
,,,ethelhu,,,,,,,,,,,,,,
,,,nargan,,,,,,,,,,,,,,
,,,hallrat,,,,,,,,,,,,,,
,,,kelewyn,,,,,,,,,,,,,,
,,,ceoconn,,,,,,,,,,,,,,
,,,bardryt,,,,,,,,,,,,,,
,,,carorea,,,,,,,,,,,,,,
,,,theondel,,,,,,,,,,,,,,
,,,hildathan,,,,,,,,,,,,,,
,,,hrunwar,,,,,,,,,,,,,,
,,,wulfald,,,,,,,,,,,,,,
,,,nanwulf,,,,,,,,,,,,,,
,,,waldswith,,,,,,,,,,,,,,
,,,kromm,,,,,,,,,,,,,,
,,,trargreyagund,,,,,,,,,,,,,,
,,,leofvara,,,,,,,,,,,,,,
,,,rakhrun,,,,,,,,,,,,,,
,,,trargcen,,,,,,,,,,,,,,
,,,crommmorn,,,,,,,,,,,,,,
,,,aeethel,,,,,,,,,,,,,,
,,,ricwikahu,,,,,,,,,,,,,,
,,,thanvara,,,,,,,,,,,,,,
,,,beorngrim,,,,,,,,,,,,,,
,,,grimmak,,,,,,,,,,,,,,
,,,thewald,,,,,,,,,,,,,,
,,,barbeorn,,,,,,,,,,,,,,
,,,eaddrud,,,,,,,,,,,,,,
,,,thecon,,,,,,,,,,,,,,
,,,vor,,,,,,,,,,,,,,
,,,steelred,,,,,,,,,,,,,,
,,,winekeledrarg,,,,,,,,,,,,,,
,,,aewulf,,,,,,,,,,,,,,
,,,wenon,,,,,,,,,,,,,,
,,,red,,,,,,,,,,,,,,
,,,crom,,,,,,,,,,,,,,
,,,grungar,,,,,,,,,,,,,,
,,,gardrud,,,,,,,,,,,,,,
,,,thangred,,,,,,,,,,,,,,
,,,mornnto,,,,,,,,,,,,,,
,,,rarfled,,,,,,,,,,,,,,
,,,krohu,,,,,,,,,,,,,,
,,,gradelf,,,,,,,,,,,,,,
,,,carekah,,,,,,,,,,,,,,
,,,crommfreya,,,,,,,,,,,,,,
,,,mornneon,,,,,,,,,,,,,,
,,,cromrat,,,,,,,,,,,,,,
,,,rorswith,,,,,,,,,,,,,,
,,,fridkrumm,,,,,,,,,,,,,,
,,,valfreya,,,,,,,,,,,,,,
,,,nco,,,,,,,,,,,,,,
,,,cwenbryt,,,,,,,,,,,,,,
,,,nancrom,,,,,,,,,,,,,,
,,,theon,,,,,,,,,,,,,,
,,,takran,,,,,,,,,,,,,,
,,,keledel,,,,,,,,,,,,,,
,,,etheldra,,,,,,,,,,,,,,
,,,valbur,,,,,,,,,,,,,,
,,,takric,,,,,,,,,,,,,,
,,,thortrarg,,,,,,,,,,,,,,
,,,aldead,,,,,,,,,,,,,,
,,,wigfrea,,,,,,,,,,,,,,
,,,hilda,,,,,,,,,,,,,,
,,,waldhrun,,,,,,,,,,,,,,
,,,cro,,,,,,,,,,,,,,
,,,grundryt,,,,,,,,,,,,,,
,,,cwencyn,,,,,,,,,,,,,,
,,,gundfreya,,,,,,,,,,,,,,
,,,ethelnan,,,,,,,,,,,,,,
,,,leofethel,,,,,,,,,,,,,,
,,,hugar,,,,,,,,,,,,,,
,,,ogar,,,,,,,,,,,,,,
,,,crom,,,,,,,,,,,,,,
,,,kahleofu,,,,,,,,,,,,,,
,,,neoncromm,,,,,,,,,,,,,,
,,,glorslaug,,,,,,,,,,,,,,
,,,eschrun,,,,,,,,,,,,,,
,,,reyaglor,,,,,,,,,,,,,,
,,,wineleof,,,,,,,,,,,,,,
,,,krolmwerdethel,,,,,,,,,,,,,,
,,,freyagund,,,,,,,,,,,,,,
,,,necyn,,,,,,,,,,,,,,
,,,co,,,,,,,,,,,,,,
,,,steelwen,,,,,,,,,,,,,,
,,,axthor,,,,,,,,,,,,,,
,,,varabryt,,,,,,,,,,,,,,
,,,chopceo,,,,,,,,,,,,,,
,,,gundri,,,,,,,,,,,,,,
,,,krommgrun,,,,,,,,,,,,,,
,,,weno,,,,,,,,,,,,,,
,,,grundgrand,,,,,,,,,,,,,,
,,,laffrid,,,,,,,,,,,,,,
,,,beonarg,,,,,,,,,,,,,,
,,,wyn,,,,,,,,,,,,,,
,,,rat,,,,,,,,,,,,,,
,,,thewen,,,,,,,,,,,,,,
,,,brakthor,,,,,,,,,,,,,,
,,,cynfrey,,,,,,,,,,,,,,
,,,waruri,,,,,,,,,,,,,,
,,,halchop,,,,,,,,,,,,,,
,,,nirord,,,,,,,,,,,,,,
,,,forthcro,,,,,,,,,,,,,,
,,,secaror,,,,,,,,,,,,,,
,,,anvorgrim,,,,,,,,,,,,,,
,,,hukrum,,,,,,,,,,,,,,
,,,horwulf,,,,,,,,,,,,,,
,,,grim,,,,,,,,,,,,,,
,,,winecro,,,,,,,,,,,,,,
,,,targ,,,,,,,,,,,,,,
,,,sirthuk,,,,,,,,,,,,,,
,,,krodra,,,,,,,,,,,,,,
,,,reyakro,,,,,,,,,,,,,,
,,,cromwaldhes,,,,,,,,,,,,,,
,,,vorthor,,,,,,,,,,,,,,
,,,drargcon,,,,,,,,,,,,,,
,,,krumbrak,,,,,,,,,,,,,,
,,,thann,,,,,,,,,,,,,,
,,,sirco,,,,,,,,,,,,,,
,,,aefrea,,,,,,,,,,,,,,
,,,nirwen,,,,,,,,,,,,,,
,,,rankromm,,,,,,,,,,,,,,
,,,nargax,,,,,,,,,,,,,,
,,,hallan,,,,,,,,,,,,,,
,,,thakcro,,,,,,,,,,,,,,
,,,lavor,,,,,,,,,,,,,,
,,,utargod,,,,,,,,,,,,,,
,,,thargmak,,,,,,,,,,,,,,
,,,theoncromm,,,,,,,,,,,,,,
,,,garthryth,,,,,,,,,,,,,,
,,,delkah,,,,,,,,,,,,,,
,,,horde,,,,,,,,,,,,,,
,,,warhor,,,,,,,,,,,,,,
,,,raa,,,,,,,,,,,,,,
,,,beolaf,,,,,,,,,,,,,,
,,,thaktarg,,,,,,,,,,,,,,
,,,wolfceol,,,,,,,,,,,,,,
,,,manethel,,,,,,,,,,,,,,
,,,grandwyn,,,,,,,,,,,,,,
,,,helmrak,,,,,,,,,,,,,,
,,,anvoran,,,,,,,,,,,,,,
,,,grimtheod,,,,,,,,,,,,,,
,,,rorfi,,,,,,,,,,,,,,
,,,cuthkahu,,,,,,,,,,,,,,
,,,stankah,,,,,,,,,,,,,,
,,,ratthokcromm,,,,,,,,,,,,,,
,,,sethryththe,,,,,,,,,,,,,,
,,,dela,,,,,,,,,,,,,,
,,,waldmorn,,,,,,,,,,,,,,
,,,dryt,,,,,,,,,,,,,,
,,,ncare,,,,,,,,,,,,,,
,,,aldeal,,,,,,,,,,,,,,
,,,brakrat,,,,,,,,,,,,,,
,,,krum,,,,,,,,,,,,,,
,,,grunleofusir,,,,,,,,,,,,,,
,,,egeln,,,,,,,,,,,,,,
,,,wolfhor,,,,,,,,,,,,,,
,,,elfwolf,,,,,,,,,,,,,,
,,,huka,,,,,,,,,,,,,,
,,,de,,,,,,,,,,,,,,
,,,brakthan,,,,,,,,,,,,,,
,,,aldhun,,,,,,,,,,,,,,
,,,ceolror,,,,,,,,,,,,,,
,,,thrythhilda,,,,,,,,,,,,,,
,,,beorthhu,,,,,,,,,,,,,,
,,,drytsteel,,,,,,,,,,,,,,
,,,thorleof,,,,,,,,,,,,,,
,,,warstan,,,,,,,,,,,,,,
,,,delsigdrud,,,,,,,,,,,,,,
,,,ranhes,,,,,,,,,,,,,,
,,,varavara,,,,,,,,,,,,,,
,,,drakelf,,,,,,,,,,,,,,
,,,grimra,,,,,,,,,,,,,,
,,,keledrarg,,,,,,,,,,,,,,
,,,barhor,,,,,,,,,,,,,,
,,,beoglor,,,,,,,,,,,,,,
,,,frithreya,,,,,,,,,,,,,,
,,,cuthwulf,,,,,,,,,,,,,,
,,,freyaanvor,,,,,,,,,,,,,,
,,,wigthe,,,,,,,,,,,,,,
,,,thanleof,,,,,,,,,,,,,,
,,,grad,,,,,,,,,,,,,,
,,,brytgrad,,,,,,,,,,,,,,
,,,utargegel,,,,,,,,,,,,,,
,,,bar,,,,,,,,,,,,,,
,,,horkahu,,,,,,,,,,,,,,
,,,lafrey,,,,,,,,,,,,,,
,,,ricca,,,,,,,,,,,,,,
,,,ncare,,,,,,,,,,,,,,
,,,waldax,,,,,,,,,,,,,,
,,,nekro,,,,,,,,,,,,,,
,,,fridbeo,,,,,,,,,,,,,,
,,,garthang,,,,,,,,,,,,,,
,,,halltarg,,,,,,,,,,,,,,
,,,carecromm,,,,,,,,,,,,,,
,,,eadfi,,,,,,,,,,,,,,
,,,garkrumm,,,,,,,,,,,,,,
,,,siggund,,,,,,,,,,,,,,
,,,thorgrand,,,,,,,,,,,,,,
,,,winetheod,,,,,,,,,,,,,,
,,,ror,,,,,,,,,,,,,,
,,,raon,,,,,,,,,,,,,,
,,,cenneon,,,,,,,,,,,,,,
,,,valtak,,,,,,,,,,,,,,
,,,thangmak,,,,,,,,,,,,,,
,,,winelaf,,,,,,,,,,,,,,
,,,grandod,,,,,,,,,,,,,,
,,,nannath,,,,,,,,,,,,,,
,,,odto,,,,,,,,,,,,,,
,,,rakrat,,,,,,,,,,,,,,
,,,thargcyn,,,,,,,,,,,,,,
,,,neglor,,,,,,,,,,,,,,
,,,leofukele,,,,,,,,,,,,,,
,,,targbar,,,,,,,,,,,,,,
,,,frithferth,,,,,,,,,,,,,,
,,,wynthuk,,,,,,,,,,,,,,
,,,theodcro,,,,,,,,,,,,,,
,,,kahuwi,,,,,,,,,,,,,,
,,,frithkrolm,,,,,,,,,,,,,,
,,,rattak,,,,,,,,,,,,,,
,,,rihun,,,,,,,,,,,,,,
,,,hildeutarg,,,,,,,,,,,,,,
,,,wulfbar,,,,,,,,,,,,,,
,,,ceotarg,,,,,,,,,,,,,,
,,,skullco,,,,,,,,,,,,,,
,,,nathkrum,,,,,,,,,,,,,,
,,,neononkrom,,,,,,,,,,,,,,
,,,nargra,,,,,,,,,,,,,,
,,,leofanvor,,,,,,,,,,,,,,
,,,manhrun,,,,,,,,,,,,,,
,,,gradsir,,,,,,,,,,,,,,
,,,winekro,,,,,,,,,,,,,,
,,,okromm,,,,,,,,,,,,,,
,,,fledhor,,,,,,,,,,,,,,
,,,freafrea,,,,,,,,,,,,,,
,,,mornhelm,,,,,,,,,,,,,,
,,,wirak,,,,,,,,,,,,,,
,,,freycaror,,,,,,,,,,,,,,
,,,cenceou,,,,,,,,,,,,,,
,,,o,,,,,,,,,,,,,,
,,,eadbeorth,,,,,,,,,,,,,,
,,,slauggar,,,,,,,,,,,,,,
,,,krolmchop,,,,,,,,,,,,,,
,,,manskull,,,,,,,,,,,,,,
